{"cameraMode":{"drawMode":0,"name":"Shaded","section":"Shading Mode"},"sceneLighting":true,"audioPlay":false,"sceneViewState":{"m_AlwaysRefresh":false,"showFog":true,"showSkybox":true,"showFlares":true,"showImageEffects":true,"showParticleSystems":true,"showVisualEffectGraphs":true,"m_FxEnabled":true},"in2DMode":false,"pivot":{"x":0.7200002670288086,"y":-0.6899999976158142,"z":-0.6000003814697266},"rotation":{"x":0.18373967707157136,"y":-0.6393893957138062,"z":0.1611519604921341,"w":0.7290091514587402},"size":14.142135620117188,"orthographic":true}