{"cameraMode":{"drawMode":0,"name":"Shaded","section":"Shading Mode"},"sceneLighting":true,"audioPlay":false,"sceneViewState":{"m_AlwaysRefresh":false,"showFog":true,"showSkybox":true,"showFlares":true,"showImageEffects":true,"showParticleSystems":true,"showVisualEffectGraphs":true,"m_FxEnabled":true},"in2DMode":false,"pivot":{"x":4.088247776031494,"y":1.329507827758789,"z":-0.35301604866981509},"rotation":{"x":0.4797540307044983,"y":-0.00921801757067442,"z":0.00502747343853116,"w":0.8773539066314697},"size":21.087377548217775,"orthographic":true}