{"cameraMode":{"drawMode":0,"name":"Shaded","section":"Shading Mode"},"sceneLighting":true,"audioPlay":false,"sceneViewState":{"m_AlwaysRefresh":false,"showFog":true,"showSkybox":true,"showFlares":true,"showImageEffects":true,"showParticleSystems":true,"showVisualEffectGraphs":true,"m_FxEnabled":true},"in2DMode":false,"pivot":{"x":3.380000114440918,"y":1.8299999237060547,"z":-0.6000000238418579},"rotation":{"x":-0.01550956629216671,"y":0.9610642790794373,"z":-0.055138763040304187,"w":-0.27033093571662905},"size":5.066025733947754,"orthographic":false}